id,title,year,desc,director,image
1,토이 스토리,1995,,존 라세터,toystory.jpeg
2,벅스 라이프,1998,,존 라세터,bugs_life.jpg
3,토이 스토리 2,1999,,존 라세터,toystory-2.png
4,몬스터 주식회사,2001,,피트 닥터,monster-inc.jpeg
5,니모를 찾아서,2003,,앤드류 스텐튼,finding-nemo.jpg
6,인크레더블,2004,,브레드 버드,IncredibleFamily.jpg
7,카,2006,,존 라세터,car.jpeg
8,라따뚜이,2007,,브레드 버드,F5021-03.jpg
9,월-E,2008,,앤드류 스텐튼,wall-e.jpeg
10,업,2009,,피트 닥터,up.jpeg
11,토이 스토리 3,2010,,리 인크리치,toystory-3.jpg
12,카 2,2011,,존 라세터,cars-2.jpg
13,메리다와 마법의 숲,2012,,마크 앤드류스 외,merida-forrest.jpg
14,몬스터 대학교,2013,,댄 스캔론,monster-univ.jpg
15,인사이드 아웃,2015,,피트 닥터,inside-out.jpeg
16,굿 다이노,2015,,피터 손,good-dino.jpg
17,도리를 찾아서,2016,,앤드류 스텐튼,finding-dori.jpg
18,카 3: 새로운 도전,2017,,브라이언 피,car-3.jpeg
19,코코,2017,,리 언크리치,coco.jpeg
20,인크레더블 2,2018,,브래드 버드,incredibles-2.jpg
21,토이 스토리 4,2019,,리 언크리치,toystory-4.jpg
22,온 워드: 단 하루의 기적,2020,,댄 스캔론,onward.jpg
23,소울,2020,,피트 닥터,soul.jpg
24,루카,2021,,엔리코 카사로사,luca.jpeg
25,메이의 새빨간 비밀,2022,,도미 시,turning_red.jpg
26,버즈 라이트이어,2022,,앵거스 맥레인,buzz.jpg
27,엘리멘탈,2023,,피터 손,elemental.jpg
